<odoo>
    <record id="module_category_ab_travel_umroh" model="ir.module.category">
        <field name="name">Travel Umroh</field>
    </record>

    <record id="group_travel_user" model="res.groups">
        <field name="name">Travel / User</field>
        <field name="category_id" ref="module_category_ab_travel_umroh"/>
    </record>

    <record id="group_travel_manager" model="res.groups">
        <field name="name">Travel / Manager</field>
        <field name="category_id" ref="module_category_ab_travel_umroh"/>
        <field name="implied_ids" eval="[(4, ref('group_travel_user'))]"/>
        <field name="users" eval="[(4, ref('base.user_root')), (4, ref('base.user_admin'))]"/>
    </record>

</odoo>